,Terms,% Freq in Thesis
78634,place on earth,0.23189372450119664
42514,happiest place on,0.21769614953173563
108471,waiting in line,0.07572039983712543
50312,it small world,0.06625534985748475
108093,wait in line,0.06388908736257458
43977,hong kong disneyland,0.06388908736257458
110972,we went on,0.06388908736257458
47292,in hong kong,0.061522824867664416
114473,would not recommend,0.05679029987784408
10949,big thunder mountain,0.05205777488802374
40312,go on rides,0.05205777488802374
67196,not worth money,0.05205777488802374
15149,characters walking around,0.04969151239311357
109516,waste time money,0.04969151239311357
115061,year old daughter,0.04732524989820339
18839,could not get,0.044958987403293224
39092,get on rides,0.042592724908383055
26533,do not go,0.042592724908383055
88063,save money go,0.042592724908383055
94975,standing in line,0.042592724908383055
39091,get on ride,0.042592724908383055
84933,ride broke down,0.042592724908383055
65622,not go back,0.040226462413472885
25154,disney world in,0.040226462413472885
63142,never go back,0.037860199918562716
94874,stand in line,0.037860199918562716
107607,visited disneyland paris,0.037860199918562716
108375,waited in line,0.037860199918562716
25547,disneyland hong kong,0.037860199918562716
85556,rides broke down,0.037860199918562716
34353,fast pass system,0.03549393742365255
47864,in one day,0.03549393742365255
67091,not waste money,0.03312767492874238
110870,we visited disneyland,0.03312767492874238
107273,visit disneyland paris,0.03312767492874238
26550,do not waste,0.03312767492874238
24808,disney parks in,0.03312767492874238
114456,would not go,0.030761412433832208
54999,lion king show,0.030761412433832208
50471,its small world,0.030761412433832208
66663,not see any,0.030761412433832208
63141,never go again,0.02839514993892204
26356,disneyworld in florida,0.02839514993892204
88097,save up go,0.02839514993892204
108849,walking around park,0.02839514993892204
24412,disney in florida,0.02839514993892204
49232,indiana jones ride,0.02602888744401187
18835,could not even,0.02602888744401187
21096,day park hopper,0.02602888744401187
113605,world in florida,0.02602888744401187
