,Terms,% Freq in Thesis
119071,fast pass,0.2338097052524731
162416,in park,0.1919604973084507
305116,space mountain,0.1692163625562646
153434,hong kong,0.15526662657492377
373767,year old,0.14359130406880158
226844,one day,0.12994482321748993
89659,disneyland paris,0.126002506527111
361960,we went,0.12357646548687781
138771,go on,0.11644996993119283
88673,disney world,0.11432718402098879
162056,in line,0.11281090837084305
225940,on rides,0.10917184681049329
119073,fast passes,0.10598766794518723
143636,great time,0.10416813716501234
300382,small world,0.10250023394985203
364995,went on,0.10250023394985203
192895,main street,0.09840628969445853
193883,make sure,0.08733747744839462
51179,california adventure,0.0856695742332343
330280,thunder mountain,0.08294027806297198
72279,could not,0.08233376780291368
324287,theme park,0.0821821402378991
164435,indiana jones,0.0811207472827971
161455,in disney,0.07960447163265136
135900,get on,0.07823982354752018
161456,in disneyland,0.07626866520233072
91548,do not,0.07535889981224328
89665,disneyland park,0.07460076198717042
124499,first time,0.07323611390203924
162349,in one,0.07278123120699552
372596,would not,0.07126495555684978
138330,go back,0.06899054208163118
161392,in day,0.06808077669154372
240108,park in,0.06808077669154372
218319,not get,0.0647449702612231
89383,disneyland in,0.06429008756617938
88126,disney park,0.06322869461107736
250003,pirates caribbean,0.06292543948104821
87347,disney characters,0.06292543948104821
240408,park not,0.06277381191603364
278251,rides in,0.06247055678600449
161685,in florida,0.06095428113585875
54711,cast members,0.059286377920698435
88130,disney parks,0.059286377920698435
355885,wait times,0.057618474705538124
195834,many rides,0.057466847140523546
278511,rides not,0.056860336880465254
361929,we visited,0.055647316360348656
309377,star wars,0.05534406123031951
41453,big thunder,0.054131040710202916
