,Terms,% Freq in Thesis
285538,hong kong disneyland,0.1722834999552866
71611,big thunder mountain,0.16238883948488164
308808,in one day,0.15540437327047812
323180,it small world,0.1484199070560746
502008,place on earth,0.14492767394887288
305788,in hong kong,0.13968932428807024
275289,happiest place on,0.1257203918592632
711004,we went on,0.12397427530566232
248243,get fast pass,0.10767718747205414
683002,use fast pass,0.09778252700164916
216184,fast pass system,0.09720048815044886
663798,toy story land,0.09254417734084652
352803,lion king show,0.08963398308484506
442993,on main street,0.0873058276800439
249563,get on rides,0.08555971112644302
698878,walt disney studios,0.08148543916804096
256788,go on rides,0.08090340031684068
157585,disney world in,0.07624708950723834
159976,disneyland hong kong,0.07217281754883628
165794,do not miss,0.071590778697636
88061,california adventure park,0.071590778697636
735818,year old daughter,0.06693446788803366
316313,indiana jones ride,0.06635242903683336
694189,wait in line,0.06227815707843131
707926,we great time,0.06227815707843131
136307,day park hopper,0.05936796282242985
267217,great day out,0.05820388512002926
696007,waiting in line,0.05762184626882897
248245,get fast passes,0.05703980741762868
698891,walt disney world,0.0552936908640278
158599,disneyland california adventure,0.0552936908640278
710974,we went in,0.05180145775682604
302713,in disney hotel,0.05063738005442546
736010,year old son,0.05063738005442546
710655,we visited disneyland,0.05063738005442546
339841,later in day,0.05063738005442546
302792,in disney village,0.04772718579842399
285537,hong kong disney,0.04481699154242253
374981,make sure get,0.04481699154242253
423682,not go on,0.04423495269122224
709986,we stayed in,0.04365291384002195
683003,use fast passes,0.04365291384002195
441694,on first day,0.04307087498882165
398640,mountain indiana jones,0.04307087498882165
732324,would highly recommend,0.04132475843522078
231779,food in park,0.04132475843522078
208812,extra magic hours,0.04016068073282019
691439,visited disneyland paris,0.03841456417921931
640038,this first time,0.03725048647681873
301228,in california adventure,0.03666844762561843
