,Terms,% Freq in Thesis
1423820,place on earth,0.28677621283255084
792597,happiest place on,0.2513693270735524
823232,hong kong disneyland,0.16842723004694835
209644,big thunder mountain,0.16314553990610328
885939,in one day,0.14906103286384975
924666,it small world,0.14162754303599373
878436,in hong kong,0.1412363067292645
2008814,we went on,0.12206572769953052
716558,get fast pass,0.10895931142410016
1260703,on main street,0.10622065727699531
625344,fast pass system,0.10465571205007825
1932039,use fast pass,0.09898278560250391
478011,do not miss,0.09330985915492958
256721,california adventure park,0.0886150234741784
740065,go on rides,0.0886150234741784
454480,disney world in,0.08744131455399061
394482,day park hopper,0.08157276995305164
457467,disneyland california adventure,0.08000782472613459
1008524,lion king show,0.08000782472613459
719894,get on rides,0.07805164319248827
2079909,year old daughter,0.07805164319248827
1875959,toy story land,0.07785602503912363
1975932,walt disney world,0.07609546165884194
264640,cannot wait go,0.07550860719874804
1975893,walt disney studios,0.07276995305164319
1963157,wait go back,0.07237871674491393
2000893,we great time,0.07061815336463224
905384,indiana jones ride,0.06807511737089202
1968168,waiting in line,0.06787949921752738
716560,get fast passes,0.0655320813771518
1963487,wait in line,0.06377151799687011
461602,disneyland hong kong,0.05985915492957746
1071788,make sure get,0.053794992175273865
870699,in disney hotel,0.05301251956181534
2008011,we visited disneyland,0.052621283255086075
2080297,year old son,0.051251956181533644
2070166,would highly recommend,0.04910015649452269
866816,in california adventure,0.048513302034428794
1932040,use fast passes,0.046948356807511735
2006256,we stayed in,0.046948356807511735
2008743,we went in,0.04636150234741784
1044079,loved every minute,0.04616588419405321
2057813,world in florida,0.04499217527386541
769087,great day out,0.044209702660406885
1140424,mountain indiana jones,0.04381846635367762
972145,later in day,0.04284037558685446
870874,in disney village,0.04284037558685446
1257265,on first day,0.042644757433489826
1066695,main street usa,0.0424491392801252
1808908,this first time,0.0418622848200313
