,Terms,% Freq in Thesis
6673,characters walking around,0.07189288968179915
4490,big thunder mountain,0.06054138078467296
53141,visited disneyland paris,0.06054138078467296
56711,year old daughter,0.05297370818658884
52981,visit disneyland paris,0.05297370818658884
41912,rides broke down,0.04540603558850472
54054,waste time money,0.04540603558850472
19292,go on rides,0.04540603558850472
43260,save up go,0.04162219928946266
56422,would not recommend,0.04162219928946266
43244,save money go,0.0378383629904206
30162,never go again,0.0378383629904206
11398,disney in florida,0.0378383629904206
53565,waiting in line,0.0378383629904206
54685,we visited disneyland,0.0378383629904206
12270,do not go,0.0378383629904206
32207,not worth money,0.03405452669137854
37675,peter pan ride,0.03405452669137854
18734,get on rides,0.03027069039233648
54732,we went on,0.03027069039233648
22366,in disney hotel,0.03027069039233648
56387,would never go,0.03027069039233648
56414,would not go,0.03027069039233648
51110,trip disneyland paris,0.03027069039233648
22393,in disneyland paris,0.03027069039233648
31412,not go back,0.03027069039233648
15335,expensive poor quality,0.03027069039233648
46806,standing in line,0.03027069039233648
22926,in one day,0.02648685409329442
9584,day in park,0.02648685409329442
16209,fast pass system,0.02648685409329442
29828,my year old,0.02648685409329442
53804,walt disney studios,0.02648685409329442
18733,get on ride,0.02648685409329442
41632,ride broke down,0.02648685409329442
27748,many attractions closed,0.02648685409329442
9462,davy crockett ranch,0.02648685409329442
8743,could not get,0.02648685409329442
53741,walking around park,0.02648685409329442
11614,disney parks in,0.02648685409329442
44370,several rides closed,0.02648685409329442
42619,rock roller coaster,0.02648685409329442
12005,disneyland paris in,0.02648685409329442
11807,disney world in,0.02270301779425236
11428,disney land paris,0.02270301779425236
31612,not live up,0.02270301779425236
27806,many rides closed,0.02270301779425236
12280,do not waste,0.02270301779425236
22611,in front us,0.02270301779425236
26776,lot attractions closed,0.02270301779425236
