,Terms,% Freq in Thesis
6309,hong kong disneyland,0.16583303893116674
6843,in hong kong,0.16583303893116674
3459,disneyland hong kong,0.10364564933197921
8167,lion king show,0.08291651946558337
11686,place on earth,0.0760068095101181
6029,happiest place on,0.0760068095101181
6308,hong kong disney,0.0760068095101181
5686,go ocean park,0.06218738959918753
7405,jungle river cruise,0.06218738959918753
17108,would not recommend,0.055277679643722245
16568,we went on,0.04836796968825696
13069,save money go,0.04836796968825696
15396,toy story land,0.04836796968825696
16011,visit hong kong,0.041458259732791686
5693,go on rides,0.0345485497773264
7314,it small world,0.0345485497773264
16168,wait in line,0.027638839821861123
16744,went on weekday,0.027638839821861123
10096,not worth money,0.027638839821861123
4948,festival lion king,0.027638839821861123
9916,not many rides,0.027638839821861123
3759,dont waste time,0.027638839821861123
11252,park small compared,0.027638839821861123
6824,in half day,0.027638839821861123
7627,kong disney land,0.027638839821861123
3299,disney parks in,0.027638839821861123
3492,disneyland in world,0.027638839821861123
2027,chinese new year,0.027638839821861123
6338,hong kong this,0.027638839821861123
16359,waste time money,0.027638839821861123
3366,disney world disneyland,0.027638839821861123
16085,visited hk disneyland,0.027638839821861123
3709,do not miss,0.027638839821861123
17105,would not go,0.027638839821861123
3347,disney theme park,0.027638839821861123
16267,walt disney world,0.020729129866395843
11320,parks in world,0.020729129866395843
16737,went on friday,0.020729129866395843
16739,went on monday,0.020729129866395843
4305,evening parade fireworks,0.020729129866395843
16010,visit hk disneyland,0.020729129866395843
6950,in one day,0.020729129866395843
6191,hk disneyland small,0.020729129866395843
7991,like disney parks,0.020729129866395843
5026,fireworks end day,0.020729129866395843
5696,go on weekday,0.020729129866395843
13681,small compared disney,0.020729129866395843
8836,mickey mini mouse,0.020729129866395843
3482,disneyland in la,0.020729129866395843
10080,not waste money,0.020729129866395843
