,Terms,% Freq in Thesis
12974,in line,0.263327831149287
18743,on earth,0.2035811803843227
21362,place on,0.18587846904655553
11687,happiest place,0.18366563012933462
4875,could not,0.16375007987434653
13046,in park,0.13940885178491663
30374,we went,0.10400342910938226
6675,disney world,0.09957775127494047
3011,broke down,0.09957775127494047
25430,space mountain,0.09736491235771956
9388,fast pass,0.09736491235771956
17976,not even,0.09515207344049866
13295,indiana jones,0.09515207344049866
15304,long lines,0.09072639560605686
10995,go on,0.08851355668883597
10909,go back,0.08630071777161506
3300,california adventure,0.08630071777161506
29666,wait times,0.08630071777161506
18878,on rides,0.08187503993717327
25100,small world,0.08187503993717327
18275,not worth,0.07966220101995236
10656,get on,0.07966220101995236
19000,one day,0.07966220101995236
3646,cast members,0.07966220101995236
7065,do not,0.07744936210273147
30638,went on,0.07744936210273147
18012,not get,0.07523652318551056
29714,waiting in,0.07523652318551056
13570,it not,0.07302368426828967
31600,year old,0.06859800643384788
31425,would not,0.06638516751662697
17894,not bad,0.06417232859940608
29622,wait in,0.06417232859940608
10633,get in,0.06417232859940608
23166,rides closed,0.06417232859940608
6849,disneyland not,0.05753381184774338
18183,not see,0.05753381184774338
30294,we not,0.05753381184774338
18877,on ride,0.055320972930522475
12910,in florida,0.055320972930522475
10935,go disneyland,0.055320972930522475
9389,fast passes,0.055320972930522475
15023,lines long,0.055320972930522475
20214,park hopper,0.055320972930522475
18015,not go,0.053108134013301576
18055,not know,0.05089529509608068
24764,shut down,0.05089529509608068
23276,rides not,0.05089529509608068
15785,main street,0.05089529509608068
15562,love disneyland,0.05089529509608068
