,Terms,% Freq in Thesis
28636,place on earth,0.3275238585502607
14822,happiest place on,0.30384743504060335
39127,waiting in line,0.07892141169885801
17688,it small world,0.06708319994402931
38934,wait in line,0.06708319994402931
33993,stand in line,0.0473528470193148
39080,waited in line,0.0473528470193148
30445,ride broke down,0.0473528470193148
40222,we went on,0.0473528470193148
13375,get on ride,0.04340677643437191
6891,day park hopper,0.039460705849429005
22786,never go back,0.039460705849429005
13376,get on rides,0.039460705849429005
34027,standing in line,0.039460705849429005
5857,could not get,0.039460705849429005
3612,broke down while,0.0355146352644861
24329,not worth money,0.0355146352644861
17743,its small world,0.03156856467954321
24109,not see any,0.03156856467954321
11765,fast pass system,0.03156856467954321
8269,disney world in,0.03156856467954321
8355,disneyland california adventure,0.03156856467954321
17253,indiana jones ride,0.03156856467954321
34334,stood in line,0.03156856467954321
23757,not happiest place,0.03156856467954321
8906,do not go,0.027622494094600304
3975,california adventure park,0.027622494094600304
8905,do not get,0.027622494094600304
27063,park hopper tickets,0.027622494094600304
26310,over in grave,0.027622494094600304
16595,in line get,0.027622494094600304
8835,disneyworld in florida,0.027622494094600304
33162,small world closed,0.027622494094600304
16598,in line hours,0.027622494094600304
5861,could not move,0.0236764235096574
5854,could not even,0.0236764235096574
22782,never get tired,0.0236764235096574
21667,minutes in line,0.0236764235096574
37480,truly happiest place,0.0236764235096574
16682,in long lines,0.0236764235096574
40195,we waited minutes,0.0236764235096574
23874,not love disneyland,0.0236764235096574
19599,lines not bad,0.0236764235096574
25004,on earth we,0.0236764235096574
18237,knotts berry farm,0.0236764235096574
23714,not go back,0.0236764235096574
13938,go on rides,0.0236764235096574
39353,walt disney would,0.0236764235096574
13329,get in park,0.0236764235096574
40857,who not love,0.0236764235096574
