,Terms,% Freq in Thesis
32882,in line,0.27164031219560514
23742,fast pass,0.21884501640837153
8868,california adventure,0.15923742439052715
47460,on earth,0.14646436895813192
33021,in park,0.14305822084282652
53901,place on,0.14135514678517383
17123,disney world,0.13709746164104208
12977,could not,0.13709746164104208
29712,happiest place,0.13624592461221574
65124,space mountain,0.12602748026629956
23744,fast passes,0.11155135077625164
47788,on rides,0.1072936656321199
9727,cast members,0.10303598048798815
38582,long lines,0.10303598048798815
48085,one day,0.1004813694015091
27680,go back,0.09877829534385642
33530,indiana jones,0.09537214722855102
27113,get on,0.09537214722855102
78005,we went,0.09281753614207197
76307,wait times,0.08770831396911388
81040,year old,0.08685677694028754
27056,get in,0.08685677694028754
27840,go on,0.08685677694028754
80644,would not,0.08515370288263484
45678,not get,0.08515370288263484
64179,small world,0.0843021658538085
40475,many people,0.08089601773850309
59162,rides closed,0.07663833259437136
8041,broke down,0.07493525853671866
78707,went on,0.0740837215078923
65467,splash mountain,0.07323218447906596
17950,do not,0.07323218447906596
76216,wait in,0.06897449933493421
51037,park hopper,0.06641988824845517
11806,come back,0.06131066607549708
24892,first time,0.06131066607549708
29930,haunted mansion,0.06045912904667074
75767,visit disneyland,0.058756054989018036
46193,not worth,0.05790451796019169
45619,not even,0.05790451796019169
32883,in lines,0.05705298093136534
45685,not go,0.05620144390253899
65868,stand in,0.05620144390253899
53693,pirates caribbean,0.05534990687371265
21193,even though,0.0544983698448863
32991,in one,0.0544983698448863
39851,main street,0.0544983698448863
14721,day park,0.0544983698448863
40487,many rides,0.0544983698448863
51160,park not,0.0544983698448863
